Status,Solve,Objval,Objbound,FinalMIPGap
OPTIMAL,87.58899998664856,5.145457106852405e9,5.145457106852405e9,0.0
