Status,Solve,Objval
OPTIMAL,1514.3010001182556,1.3541668979774912e10
