Status,Solve,Objval
OPTIMAL,1467.3790001869202,1.411784633315714e10
