Status,Solve,Objval,Objbound,FinalMIPGap
OPTIMAL,2585.2110002040863,5.371721115423595e9,5.371721115423595e9,0.0
