Status,Solve,Objval
OPTIMAL,1458.4530000686646,7.054499546390927e10
