Status,Solve,Objval,Objbound,FinalMIPGap
OPTIMAL,4266.77799987793,6.598079674110813e9,6.598079674110813e9,0.0
