Status,Solve,Objval,Objbound,FinalMIPGap
OPTIMAL,40.400662899017334,4571.681695423867,4571.681695423867,0.0
