Status,Solve,Objval,Objbound,FinalMIPGap
OPTIMAL,117.39499998092651,5.323873542809866e9,5.323873542809866e9,0.0
