Status,Solve,Objval,Objbound,FinalMIPGap
OPTIMAL,139.10599994659424,5.6169364473801565e9,5.6169364473801565e9,0.0
