Status,Solve,Objval
OPTIMAL,1434.7539999485016,1.412494381569112e10
