Status,Solve,Objval,Objbound,FinalMIPGap
OPTIMAL,121.28800010681152,5.361485096087506e9,5.361485096087506e9,0.0
