Status,Solve,Objval,Objbound,FinalMIPGap
OPTIMAL,479.154000043869,6.838348255730328e9,6.838348255730328e9,0.0
