Status,Solve,Objval,Objbound,FinalMIPGap
OPTIMAL,144.76599979400635,5.154365206904296e9,5.154365206904296e9,0.0
