Status,Solve,Objval,Objbound,FinalMIPGap
OPTIMAL,2192.9429998397827,5146.816252117969,5146.816252117969,0.0
