Status,Solve,Objval,Objbound,FinalMIPGap
OPTIMAL,82.7590000629425,5.006475851036446e9,5.006475851036446e9,0.0
