Status,Solve,Objval,Objbound,FinalMIPGap
OPTIMAL,141.5,5.745391478670839e9,5.745391478670839e9,0.0
