Status,Solve,Objval,Objbound,FinalMIPGap
OPTIMAL,130.45099997520447,5.191477425885715e9,5.191477425885715e9,0.0
