Status,Solve,Objval,Objbound,FinalMIPGap
OPTIMAL,12333.516999959946,5.64547140703283e9,5.64547140703283e9,0.0
