Status,Solve,Objval
OPTIMAL,1141.6640000343323,13541.668979778342
