Status,Solve,Objval,Objbound,FinalMIPGap
OPTIMAL,100.34899997711182,5.1617309746771345e9,5.1617309746771345e9,0.0
