Status,Solve,Objval
OPTIMAL,1659.1760001182556,1.721516704864525e10
