Status,Solve,Objval
OPTIMAL,8047.039999961853,2.2824451024559784e10
