Status,Solve,Objval
OPTIMAL,1744.0299999713898,1.2872305310704349e11
