Status,Solve,Objval
OPTIMAL,1338.7070000171661,1.4091592941744509e10
