Status,Solve,Objval
OPTIMAL,30.563999891281128,5.6807028673210945e9
