Status,Solve,Objval
OPTIMAL,1145.0369999408722,1.1980972475447254e10
