Status,Solve,Objval,Objbound,FinalMIPGap
OPTIMAL,370.8550000190735,4793.994955016695,4793.994955016695,0.0
