Status,Solve,Objval,Objbound,FinalMIPGap
OPTIMAL,257.4370000362396,6.239152584179239e9,6.239152584179239e9,0.0
