Status,Solve,Objval
OPTIMAL,1266.6449999809265,1.1620881661488762e10
