Status,Solve,Objval,Objbound,FinalMIPGap
OPTIMAL,1472.3099999427795,7.116341695860798e9,7.116341695860798e9,0.0
