Status,Solve,Objval
OPTIMAL,1420.5979998111725,1.3370281523395803e10
