Status,Solve,Objval
OPTIMAL,39.09100008010864,5142.341951642214
