Year,Pearson annual,Spearman annual
2012,0.3489536390534345,0.7854377756807709
2013,0.5311706668719767,0.8128515412323118
2014,0.4681307260152361,0.8221315938390792
2015,0.3750976520165634,0.7959977519782493
2016,0.617739525723477,0.7882477244358652
2017,0.5826641088387668,0.8367558400868852
2018,0.6314597782386905,0.8513462202801025
2019,0.463082080036038,0.8424193363055335
2020,0.6933112383144399,0.7972490953773319
2021,0.4577957311642215,0.8518843611601087
