Year,Empirical Average,Synthetic Average,Average Difference,Empirical Median,Synthetic Median,Median Difference,Empirical Variance,Synthetic Variance,Variance Difference,RMSE
2013,34.028765515032305,436.9522221756066,-402.9234566605743,29.55,42.9082285,-13.3582285,235.515465867373,170849.0142083422,-170613.49874247483,526.390730672733
2014,40.677985347297714,46.90534374948376,-6.227358402186049,33.04,45.693654,-12.653654000000003,987.2034999071539,164.73722082958784,822.466279077566,28.85420986055107
2015,27.92593839053795,71.7863828741321,-43.86044448359415,21.65,31.219044,-9.569044000000002,919.080870407209,13470.175676192555,-12551.094805785346,110.5389172294084
2016,24.34786353959757,27.236097638867026,-2.8882340992694573,19.63,19.650346499999998,-0.020346499999998713,185.3065444289264,388.07064083204733,-202.76409640312093,13.095901607633783
2017,26.029619068276876,29.430987862115856,-3.40136879383898,22.035,24.3437455,-2.3087455000000006,102.05712524151123,373.22692523614415,-271.1697999946329,15.695717088472566
2018,36.63157996356282,70.45355944882435,-33.82197948526153,24.6,23.590372000000002,1.0096279999999993,2918.8131296573206,16865.81132860614,-13946.99819894882,127.59739619220673
2019,39.20389116653182,55.81690008924395,-16.613008922712133,20.555,40.018278,-19.463278000000003,6004.125224650043,998.9769937336334,5005.148230916409,68.07139055373976
2020,23.92936616686778,23.71338289923835,0.21598326762942932,17.54,17.090888,0.4491119999999995,808.4287601087561,334.88236124983246,473.5463988589237,23.063121583493132
2021,58.665676652065684,50.206648930951005,8.45902772111468,27.955,42.4707205,-14.5157205,18177.550257745297,840.9400360562253,17336.610221689072,128.97396919617756
