Year,Empirical Average,Synthetic Average,Average Difference,Empirical Median,Synthetic Median,Median Difference,Empirical Variance,Synthetic Variance,Variance Difference,RMSE
2013,34.028765515032305,436.9522221756066,-402.9234566605743,29.55,42.9082285,-13.3582285,235.515465867373,170849.0142083422,-170613.49874247483,526.390730672733
2014,40.763186615332444,46.90534374948376,-6.142157134151319,33.04,45.693654,-12.653654000000003,1132.7705265688362,164.73722082958784,968.0333057392484,31.18740239667397
2015,28.308533843878685,71.7863828741321,-43.47784903025342,21.65,31.219044,-9.569044000000002,1571.641461600706,13470.175676192555,-11898.53421459185,111.56014022699549
2016,24.34786353959757,27.236097638867026,-2.8882340992694573,19.63,19.650346499999998,-0.020346499999998713,185.3065444289264,388.07064083204733,-202.76409640312093,13.095901607633783
2017,26.029619068276876,29.430987862115856,-3.40136879383898,22.035,24.3437455,-2.3087455000000006,102.05712524151123,373.22692523614415,-271.1697999946329,15.695717088472566
2018,38.38547318073813,70.45355944882435,-32.06808626808622,24.6,23.590372000000002,1.0096279999999993,5706.60150052126,16865.81132860614,-11159.20982808488,134.59634710557935
2019,47.543213819474715,55.81690008924395,-8.273686269769236,20.555,40.018278,-19.463278000000003,26951.071052504794,998.9769937336334,25952.09405877116,154.40128131357545
2020,24.232638730765427,23.71338289923835,0.5192558315270759,17.54,17.090888,0.4491119999999995,1307.412703587101,334.88236124983246,972.5303423372686,31.173417111378924
2021,162.69244143809783,50.206648930951005,112.48579250714683,27.955,42.4707205,-14.5157205,795353.5254647783,840.9400360562253,794512.5854287221,891.258230269277
