Status,Solve,Objval,Objbound,FinalMIPGap
OPTIMAL,1853.5460000038147,5.949774743542998e9,5.949774743542998e9,0.0
