Status,Solve,Objval,Objbound,FinalMIPGap
OPTIMAL,75.88199996948242,5.053905707151529e9,5.053905707151529e9,0.0
