Status,Solve,Objval,Objbound,FinalMIPGap
OPTIMAL,488.2149999141693,4793.994955016695,4793.994955016695,0.0
