Costs,Total,Zone1
cTotal,7.116341695860232e9,7.116341695860749e9
cFix,4.53447572181484e9,4.53447572181484e9
cVar,2.070054824989549e9,2.0700548249895003e9
cNSE,4.935169873046403e8,4.9351698730464035e8
cStart,1.8294161751768056e7,1.8294161751768056e7
cUnmetRsv,0.0,-
cNetworkExp,0.0,-
cUnmetPolicyPenalty,0.0,-
