Status,Solve,Objval
OPTIMAL,1523.8779997825623,7.838792714356914e10
